{"congruence": {"product allow": -0.6287706352954745, "forget": 0.24992616723068503, "camatsia": 0.21207924222522762, "go": -1.8331160062064786, "camatsia record": 0.21207924222522762, "captivate quite": -2.5904739386722038, "program": 1.1152608688929135, "presentation": 4.5558412029767013, "during class": 0.99255625981317763, "faq": -3.0598976961942785, "class create": 1.2333554530918924, "student teacher": -1.2600057519883874, "create lesson": -1.6658529599745844, "try": -2.0675142156362218, "presenter": -2.0363585531596109, "internet-base instruction": -1.8699157548825618, "appear instructor": -2.39153954998365, "deliver remote": -2.8019942737609043, "intuitive item": -3.4728084762579332, "student view": 0.13349898338273899, "good create": -0.92939718127842463, "question appear": -2.39153954998365, "type presentation": -1.8699157548825618, "document previously": -2.5904739386722038, "online class": -1.2600057519883874, "video": 1.5902350656071038, "appear": 1.528423020610056, "however impress": -1.6658529599745844, "user i.e": -2.5390507616456262, "faq load": -3.0598976961942785, "like power": -2.39153954998365, "software combine": 0.13349898338273899, "testinig capability": -1.2600057519883874, "video clip": 0.21207924222522762, "forget work": 0.13349898338273899, "easy use": 0.3070515729821604, "teacher": 0.13524615417005834, "go train": -2.5904739386722038, "compliance": -1.8699157548825618, "user3_after.txt": 3.185206240529574, "create online": -1.2600057519883874, "navigation": -1.6658529599745844, "trainer": -1.0193417128823183, "screen\u00e2\u0080\u013e": -1.6658529599745844, "useful": -0.47215911597678517, "camera voice": -2.8019942737609043, "software many": -1.6658529599745844, "primarily teacher": -3.4728084762579332, "use": 3.612782263981809, "train recently": -2.5904739386722038, "captivate": -2.3912973846828516, "build slide": -2.0363585531596109, "camera": -2.5776112601887764, "user4_before.txt": 0.96341733378930472, "camtasia then": 0.13349898338273899, "type": -1.0193179167203614, "any sale": -3.0598976961942785, "company": -2.8807023609256261, "impress": -1.2219325252672395, "clue": -2.8019942737609043, "visual": -1.2205336056477454, "train": 0.40670838919503638, "impress adobe": -1.6658529599745844, "similar product": -1.8699157548825618, "work": 1.4635882598468539, "use good": -0.92939718127842463, "obvious": -2.5904739386722038, "learn": -0.19435962512873473, "figure": 0.25925773992942391, "add video": -2.5904739386722038, "camtasia": 0.82552456693272258, "professor job": 0.13349898338273899, "lesson student": -1.2600057519883874, "provide": -1.2205336056477454, "feature": -2.5904739386722038, "lecture material": -2.5390507616456262, "corporate trainer": -1.2600057519883874, "appear versatile": -0.69431057438329657, "product": 1.5860420971720055, "need navigation": -1.6658529599745844, "power point": 3.0418765043406144, "short video": 0.21207924222522762, "user6_before.txt": 4.0955989418587579, "module compliance": -1.8699157548825618, "previously save": -2.5904739386722038, "classroom": -0.31840565714439573, "short": 0.34856913956272623, "resemble": 0.21207924222522762, "element": 0.26252138905755984, "adobe product": -1.6658529599745844, "allow": 0.37705445254998632, "representation": -2.5904739386722038, "student interact": -0.6287706352954745, "visual lecture": -1.2205336056477454, "slide lesson": -0.67147890519333286, "clip other": 0.21207924222522762, "move": -1.7819773427288323, "distance education": -2.8019942737609043, "easy create": -1.6658529599745844, "presence campus": -1.6658529599745844, "point lot": -2.5904739386722038, "edit slide": 0.064738536100311495, "obvious task": -2.5904739386722038, "lesson however": -1.6658529599745844, "then": 0.13349898338273899, "good": 1.8326259708970065, "video class": 0.21207924222522762, "material": -0.38881381435058349, "quite similar": -2.5904739386722038, "student interactive": -2.39153954998365, "like useful": -0.92939718127842463, "edit": 0.064738536100311495, "testinig": -1.2600057519883874, "capability": -1.2600057519883874, "slide": 3.0616663975505869, "adobe": 0.71442933769543959, "organization software": -3.0598976961942785, "navigation feel": -1.6658529599745844, "create short": 0.21207924222522762, "out": 0.71453760482915751, "user2_before.txt": 1.5464799126895674, "item": -1.9787014345355738, "because adobe": -1.6658529599745844, "user1_before.txt": 1.6065334273743388, "lecture": 0.56630489467005085, "look like": -0.79827188274025029, "lecture slide": -2.39153954998365, "quite": -2.5904739386722038, "user5_before.txt": 1.6065334273743388, "slide test": 0.99255625981317763, "struggle": -2.5904739386722038, "class lesson": -1.2600057519883874, "teach": -0.3499511361050302, "software video": -2.8019942737609043, "file like": 0.21207924222522762, "provide visual": -1.2205336056477454, "user": -2.5390507616456262, "major": -1.2205336056477454, "render": -2.8019942737609043, "job much": 0.13349898338273899, "audio render": -2.8019942737609043, "trainer allow": -1.2600057519883874, "instructor student": -2.39153954998365, "use during": 0.99255625981317763, "software company": -3.0598976961942785, "material try": -2.5390507616456262, "interact": -0.6287706352954745, "good_review.txt": 3.0308074460198902, "anyone": -0.90235008999341815, "show video": -2.0363585531596109, "compliance purpose": -1.8699157548825618, "format product": -0.69431057438329657, "use well": -0.69431057438329657, "appear presentation": -0.87852470653067494, "s relatively": -2.5390507616456262, "interact material": -2.5390507616456262, "internet-base": -1.8699157548825618, "move obvious": -2.5904739386722038, "user8_after.txt": 1.2714218375897623, "feel slide": -1.6658529599745844, "allow student": -2.5390507616456262, "anyone want": -1.2205336056477454, "user1_after.txt": 1.3906271256226641, "institution": -1.8699157548825618, "distance": -2.2681174868621494, "score page": -1.2600057519883874, "require": -0.69431057438329657, "instruction": -1.8699157548825618, "train use": -0.69431057438329657, "feature like": -2.5904739386722038, "learn curve": -0.67147890519333286, "product uta": -1.8699157548825618, "interactive": -2.39153954998365, "adobe presence": -1.6658529599745844, "save item": -2.5904739386722038, "adobe captivate": -2.5904739386722038, "need": -1.0398110249355723, "versatile require": -0.69431057438329657, "any": -3.0598976961942785, "relatively": -2.5390507616456262, "remote lecture": -2.8019942737609043, "potential": -1.8699157548825618, "build": -1.3766592894581402, "online": 0.70101688767643366, "create presentation": -0.92939718127842463, "allow create": -1.2600057519883874, "user4_after.txt": 1.166678214420013, "presenter edit": -2.0363585531596109, "plan": -0.30309709973611892, "video struggle": -2.5904739386722038, "class": 2.5309375010601958, "video present": 0.21207924222522762, "user3_before.txt": 0.2819540815016871, "video teach": -0.92939718127842463, "question use": -2.39153954998365, "professor": 0.28634053626893435, "sale": -2.8880357101757079, "like add": -2.5904739386722038, "slide testinig": -1.2600057519883874, "present power": 0.21207924222522762, "show": -0.30140232701392311, "i.e student": -2.5390507616456262, "teacher work": -0.87852470653067494, "presentation provide": -1.2205336056477454, "user6_after.txt": 1.1104787951750819, "find": -1.9299156358298815, "slide presentation": -1.2205336056477454, "major detail": -1.2205336056477454, "score": -0.883460703483543, "figure out": 0.23534705149724722, "like similar": -0.87852470653067494, "point present": -0.87852470653067494, "during": 0.99255625981317763, "recognition technology": -2.8019942737609043, "show teacher": -2.0363585531596109, "want slide": -1.2205336056477454, "shortcoming use": -2.5904739386722038, "view": 0.28274646250337543, "useful program": -0.92939718127842463, "module": 0.78151054585839086, "video audio": -1.3176176788233946, "slide screen\u00e2\u0080\u013e": -1.6658529599745844,